time,multiplier
7,0.3872152099
8,0.5662305048
9,0.5979489981
10,0.7089055975
11,0.8316299976
12,0.9979047502
13,0.9158717915
14,1.056475656
15,1.196718895
16,1.204965846
17,1.255012214
18,1.335742648
19,1.376984519
20,1.487874687
21,1.506688933
22,1.494237841
23,1.391013351
24,1.326660563
1,1.262307776
2,1.084303183
3,0.7172142342
4,0.4492500251
5,0.2990017833
6,0.2749204977